Reference area,Airports: Per 1 000 000 inhabitants_pred2000,CO2 emissions in transport sector: Kilogrammes of CO2-equivalent per 1 000 US dollars_pred2000,CO2 emissions in transport sector: Percentage of CO2 emissions_pred2000,CO2 emissions in transport sector: Percentage of CO2 emissions from transport_pred2000,CO2 emissions in transport sector: Tonnes of CO2 per person_pred2000,Density: Per 100 square kilometres_pred2000,Employment in the transport sector: Percentage of employment_pred2000,Expenditure for personal transport equipment operation: Percentage of household expenditure in transport_pred2000,Expenditure for transport services: Percentage of household expenditure in transport_pred2000,Fatalities: Per 1 000 000 000 vehicle-kilometres_pred2000,Fatalities: Per 10 000 road motor vehicles_pred2000,Fatalities: Per 100 000 inhabitants_pred2000,Freight transport: Percentage of freight transport_pred2000,Freight transport: Tonne-kilometres per 1 000 US dollars_pred2000,Fuel deliveries to the road sector: Tonnes per person_pred2000,Fuel deliveries to the road sector: Tonnes per vehicle_pred2000,Household expenditure for transport: Percentage of household expenditure_pred2000,International traffic: Percentage of seat capacity_pred2000,International traffic: Seat-kilometres per 1 000 US dollars_pred2000,Investment (Inland): Percentage of GDP_pred2000,Investment (Inland): US dollars per person_pred2000,Investment (Rail): Percentage of GDP_pred2000,Investment (Rail): Percentage of infrastructure investment_pred2000,Investment (Rail): US dollars per person_pred2000,Investment (Road): Percentage of GDP_pred2000,Investment (Road): Percentage of infrastructure investment_pred2000,Investment (Road): US dollars per person_pred2000,Investment (Waterways): US dollars per person_pred2000,Maintenance: Percentage of infrastructure maintenance_pred2000,National traffic: Seat-kilometres per 1 000 US dollars_pred2000,Passenger transport: Passenger-kilometres per 1 000 US dollars_pred2000,Traffic: Vehicle-kilometres per 1 000 US dollars_pred2000,Transport infrastructure: Percentage of rail network_pred2000,Transport infrastructure: Percentage of road network_pred2000,Value added by the transport sector: Percentage of value added_pred2000,Vehicle distance travelled: Kilometres_pred2000,Vehicle purchases: Percentage of household expenditure in transport_pred2000,Airports: Per 1 000 000 inhabitants_slope,CO2 emissions in transport sector: Kilogrammes of CO2-equivalent per 1 000 US dollars_slope,CO2 emissions in transport sector: Percentage of CO2 emissions_slope,CO2 emissions in transport sector: Percentage of CO2 emissions from transport_slope,CO2 emissions in transport sector: Tonnes of CO2 per person_slope,Density: Per 100 square kilometres_slope,Employment in the transport sector: Percentage of employment_slope,Expenditure for personal transport equipment operation: Percentage of household expenditure in transport_slope,Expenditure for transport services: Percentage of household expenditure in transport_slope,Fatalities: Per 1 000 000 000 vehicle-kilometres_slope,Fatalities: Per 10 000 road motor vehicles_slope,Fatalities: Per 100 000 inhabitants_slope,First registrations: Per 1 000 000 US dollars_slope,First registrations: Per 1 000 inhabitants_slope,Freight transport: Percentage of freight transport_slope,Freight transport: Tonne-kilometres per 1 000 US dollars_slope,Fuel deliveries to the road sector: Tonnes per 1 000 000 US dollars_slope,Fuel deliveries to the road sector: Tonnes per person_slope,Fuel deliveries to the road sector: Tonnes per vehicle_slope,Household expenditure for transport: Percentage of household expenditure_slope,International traffic: Percentage of seat capacity_slope,International traffic: Seat-kilometres per 1 000 US dollars_slope,Investment (Inland): Percentage of GDP_slope,Investment (Inland): US dollars per person_slope,Investment (Rail): Percentage of GDP_slope,Investment (Rail): Percentage of infrastructure investment_slope,Investment (Rail): US dollars per person_slope,Investment (Road): Percentage of GDP_slope,Investment (Road): Percentage of infrastructure investment_slope,Investment (Road): US dollars per person_slope,Investment (Waterways): Percentage of infrastructure investment_slope,Investment (Waterways): US dollars per person_slope,Maintenance: Percentage of infrastructure maintenance_slope,National traffic: Seat-kilometres per 1 000 US dollars_slope,Passenger transport: Passenger-kilometres per 1 000 US dollars_slope,Traffic: Vehicle-kilometres per 1 000 US dollars_slope,Transport infrastructure: Percentage of rail network_slope,Transport infrastructure: Percentage of road network_slope,Value added by the transport sector: Percentage of value added_slope,Vehicle distance travelled: Kilometres_slope,Vehicle purchases: Percentage of household expenditure in transport_slope
Australia,0.5621883481978127,159.76426530674507,22.521800495689604,99.81665363450409,3.8884962011116606,10.15486908344883,5.089196850086467,48.7435944959355,22.638142039743457,9.245506612330246,1.4021699337477571,9.159816664402399,102.15053763440869,1162.1218122575228,1.3359206459497859,2.0126944147398245,12.350512228537553,58.295547807777915,135.67935901519922,1.1483265638163687,523.875547960266,0.18502612653421124,15.931819083175242,83.36321981471156,0.9633004373349756,84.06818091710738,440.51232815405456,0.0,,95.3934405694099,575.860387214736,407.83282606427747,,12.965955945110977,5.221828767785688,15395.15722197204,28.61827759908931,0.004163672164834204,-5.896045815136921,0.08150482224138189,-0.028507612548167242,-0.002725852891078529,0.19286593016922046,0.002883341750611751,0.05343585141935431,0.25725213893214655,-0.2678352759207611,-0.04417383237523606,-0.2458222251296983,-0.046332975370856164,0.007518212634040402,-0.6451612903225699,-21.842921376748418,-0.8575849540389576,0.0075205760441558155,-0.005060519767532494,-0.10745540422402589,0.058250251111101374,-4.10250416602309,0.021632067605637736,16.549692794170827,0.012437843361521669,0.5917311296852785,7.496649649740038,0.00919422424630546,-0.5917311297016984,9.053043144061334,0.0,0.0,,-2.933803267075791,-21.89318385249112,-14.102281432535184,,0.09016881733334085,-0.020815191508120064,-114.89925269101631,-0.31069223040266847
Austria,0.7486897495714278,78.02713059007465,29.646486843784714,99.9999997544335,2.409364127878483,136.05109095634498,5.0045461693044055,49.45071699055836,16.60202504236723,15.813533109792616,1.2295827849944558,12.11891770317095,99.99999999918244,342.3718272413298,,,13.270574825873013,98.80391574883039,57.725494951753944,0.7334393659214573,330.4328919390264,0.48619214169211933,65.62583895875218,218.98884134616878,0.24615024267214203,34.231638899124164,110.95390696240247,1.006403197949723,46.96628832086208,0.6527607268596682,36.15266369270671,256.37178241772926,59.96902475516799,13.157932538626483,5.68699370193103,14354.09062692293,33.94726574616607,-0.003428308549450451,-1.4189158536289335,0.48183639287630536,-1.0900657246119084e-08,0.020975971335248964,1.3838745796731846,-0.003121557572058514,0.3644002792200341,0.0641158149315827,-0.6342973623620611,-0.031191234895602656,-0.4248773893299209,-0.023133461164849718,0.27523005529299044,1.3147930564683327e-10,-6.919701261733408,,,,-0.056195772539682776,-0.02697580415204525,-0.5199062887719128,-0.003537993440339408,-2.2437822096333013,0.0025838916748768107,0.8021458173316917,0.6267734975095616,-0.006148639377394649,-0.8071621384263816,-2.8810754717952993,-0.004756584713764721,-0.02393985644895889,0.640586061453206,0.01124867870175328,-0.6026245635850945,-4.841384821182131,1.0538034450197034,3.063984013185076,-0.009560905482758529,-113.6443722377567,-0.42851614488505846
Azerbaijan,0.3656057651868192,742.0594676859182,11.71788414196044,98.2585028371872,0.39663235012888975,6.691007098978389,,,,956.9380332634464,,10.191178859455391,100.00000000081796,6207.909232811711,0.09107583482392201,,,100.53159279710522,299.8062058511932,1.2013061965951124,77.25605659239591,0.15574751910307327,25.401879599489803,1.3894056953039637,1.0591299273977484,74.59812040100769,75.86665089935923,,25.627892204441196,-0.3681657846842086,1821.3711528743152,169.438518306295,60.74628613369441,23.05233430345055,,,,0.0034142860659332756,-44.22290527769192,0.6922187833243136,0.122094231894089,0.019741503182813754,1.0392530577113313,,,,-47.19685163533699,,-0.06573408193593039,-0.12726912841038976,-0.0327076892961042,-1.7797996315844318e-11,-181.7173277629178,-4.339196113742746,0.009795463897652939,,,-0.07115384552630949,-22.144036236138717,0.07824328914173981,5.373629611593097,-0.009363136942307622,-1.618729036189634,-0.0680117697990188,0.0866595946843485,1.618729036173981,5.441641380759764,,,-1.30300046593559,0.046173048421051494,-90.6356746719768,13.761090279817248,-0.22994773891625522,0.10693323191208647,,,
Belgium,0.3929141971208754,83.63861088390877,22.3026383202955,99.99900716840975,2.393751896430217,509.6541619422969,6.302004138604389,62.66692700530102,9.677515291129168,15.55816332092786,1.832785191890835,13.109817003535682,100.00000000039763,429.05156557621376,0.657618341304719,,12.37063783170882,99.98536529710525,33.35080990245888,0.43728784036019586,159.20114204220772,0.3241364207802171,73.73645571023098,118.880970970931,0.056260806276357656,13.040933673603831,19.877551827929892,20.44261923745634,30.4200259335775,0.002511576236841506,436.22644364216103,302.7359147555362,80.04954486354268,18.71719928691482,6.124247073549739,14873.63162700001,27.65555770257525,0.004448679357143173,-2.259441327378255,0.3149526707224989,-0.00038014867843479475,-0.010125227943076421,-2.2328904997997205,-0.041922424172058756,0.054291176981390514,-0.020174305901751385,-0.599121121630865,-0.053823294090906554,-0.4273343947179068,-0.025931315024916485,0.39126728495728313,-7.017326413610916e-11,-19.326501980648352,-0.8930179165235795,-0.004880664289699202,,-0.07577639914641504,-2.2455526312567802e-05,1.8301313777191328,0.0009433516355311117,1.7549435387057248,-0.004076252972527416,-1.0051605093345406,-0.7530282464590762,0.005293624192307616,1.114844246165432,2.4162184380829967,-0.10968373675641062,0.0917533472161143,0.016807463858369388,0.0004849458157895075,-17.719790264328456,-7.605356252521637,0.7246269853887563,-1.0131222109162237,-0.027997862302463043,-28.165655000002037,-0.03411687093322355
Bulgaria,0.3106371860219781,316.8868379055857,11.804655230145045,99.97247476773072,0.7087805865024421,10.993129172845101,4.962766295029468,45.76463306494543,41.22179334720022,,,12.947702212580452,99.9999999994554,2544.6153405337245,0.2130020751888324,,14.002427039269307,98.68445618789465,58.58313074503167,1.8782583188452406,92.28037259035807,0.2524563859222768,4.064030288019694,5.262531711061456,1.1087025741207484,64.70249405461959,53.133358055754115,24.17506106183464,24.26577556039115,0.6621482686375941,388.89153365143284,,64.78521861912714,-0.1481349253663211,7.426305569455138,,13.013573587818769,0.017904635467032557,-10.999737835030244,0.643824788990155,0.0020664791168578532,0.03432585701395769,0.7137152013555033,0.08900420335293897,0.5071077449644243,-0.6684438247126447,,,-0.22689543609966617,0.002143564462736308,0.05237691715572809,6.407091157589539e-11,-98.56970703877384,-4.4051886006266985,0.007646636093869897,,0.03535216277504087,-0.10368084947367988,1.4050738048536624,-0.0439546092848301,-0.4419677352528477,0.0008030738494800552,1.4902259118379857,0.9132293984270654,-0.01541398923116594,0.31912398578949164,0.6071669452115814,-1.809349897749254,-1.362968715982743,0.630076058333369,0.10678530881285787,-24.585216441703206,,0.4186277615928793,1.331443221443824,-0.09421320861379262,,0.16133607968938185
Canada,0.9766516205604461,193.74985267636475,31.365127310492596,98.67147024445896,4.982584957007397,8.882771197436796,,42.07166543668228,14.008006722421072,9.41623633571038,,9.495040389866801,99.99999999983032,670.9779551801475,1.398995085057642,,14.379886866850576,53.663173306551016,66.1440865276004,0.7141814729392326,265.12028884139,0.06365467797538488,9.40691693555776,23.294796783869856,0.6501133693792331,90.53537664006143,241.6869373477739,0.4160462014000217,52.53084045016044,55.0319897004656,527.2754705099651,343.17930290767436,,1.170626280507891,3.760678336233383,,43.92032784014013,0.009906501582416277,-6.135654435848465,0.04430917660098636,-0.036559165494526556,-0.011298631839080982,0.37463690166758,,0.16677086917463654,-0.10663724972013316,-0.25116068647478684,,-0.2478729854117895,0.020837962856781012,1.0087236008699763,2.787873295534143e-10,8.469932404202227,-0.6490338996547815,-0.009730530957402806,,0.027189951586207014,0.816101467251394,-1.0548944480116338,0.002886409671538475,4.368274155230719,0.0002497986492307601,0.055518689274613044,0.434339826361527,0.0026711644715384834,-0.05071593132307437,3.9455010034615,0.0158566233000024,0.016034629400003376,-0.9810017816230475,-2.054708402339025,-30.293906340885577,-7.747657711173971,,0.005892123260526811,0.04450900986428352,,-0.06013361942825217
Croatia,1.231149410219757,148.31634708801084,24.939857217306553,98.71391251187269,0.9905624020771739,55.271520738628396,5.903381254220605,52.37900351630549,17.975450272271132,53.09890316111614,3.1951727473664846,15.142950395529056,100.00000000019516,529.2204188453989,0.2914074292821489,0.1464069037997433,11.70413117310477,73.23704061953458,1.9799255741008892,1.7665214198596004,177.99021422765782,0.15855600046606444,8.56941311941182,15.810407077585296,1.603299566022713,91.17534595018606,161.69457948202034,0.5543969763441154,24.95265429289543,6.090352024993763,17.068204568742658,484.8040299692202,36.00221300254064,1.8704540170755308,5.23095097495812,13815.837263177382,29.645541154881244,0.033576241401099105,-2.9920932578998336,0.8056304745019275,0.08886236723125444,0.03164812353256733,-0.11100783017196679,0.02936102714705868,0.11087717201970256,0.27462921005418944,-2.404823991817579,-0.09117844263332942,-0.4029982060504981,-0.049786732975861885,0.09962467486009921,-7.786376686987107e-11,2.09552783930616,-0.4630643642936444,0.014913191704761705,0.04311259480001209,-0.14871135298866905,1.6997660023390384,3.640372839531841,-0.032794036487685356,-1.112308617665631,0.003921976735084818,0.7536540727246898,0.8240837601622876,-0.03656447519595025,-0.7462324021647546,-1.9224924356158213,0.007593450570588115,0.015998148164706315,0.6599846670963391,-0.2566645639707399,21.72554482287345,-7.306189161868693,0.06744778534816363,0.17212690406562745,-0.009448400608374525,-135.36537926665335,-0.3855064834926112
Czechia,0.3994067328571358,147.92148534060834,10.264003797981104,99.99761343798359,1.2132409043251045,84.14683025934963,6.854814393073383,47.79380128070058,20.177337232339823,34.92512697593338,1.7068500623181535,13.652843527121377,100.00000000007988,1497.1820747403835,0.47134223005739706,1.076141286831156,10.023520629372193,99.17137092040946,64.83324413672199,1.1898748490779978,157.0083817877121,0.43021335191598364,37.45422613199785,55.260268328588154,0.7489938603286816,61.68748298943075,100.32450465674083,1.4236088022586415,32.29261752718105,0.4651505242981955,992.5102232696227,493.6024492592005,30.470401091508393,21.0010538549559,6.997064695637391,8636.144693668728,32.028861485106745,0.00654529806043994,-4.407555880604877,0.4907458633929994,0.0001166396450463524,0.032994086032840986,0.025774845802001737,-0.03557311015130478,0.04778201088396402,-0.3360421120147807,-1.371914344479313,-0.04963729027272444,-0.44177625597508097,-0.0010481540180389787,0.7137105968220787,-3.2925970316594283e-11,-55.966666357596004,-1.869077901514011,0.007722902294261075,-0.012375661110388807,-0.015856130686644654,0.04662888795321125,-2.055733703625591,-0.0014250645385880496,3.1130953337985607,0.000571574341817076,0.04602974165571646,1.4874940036535198,-0.00217999640421465,-0.06271187594143031,1.566513657274215,0.016682134263546866,0.05908767293596051,0.3322311535249082,-0.030823395491225453,-37.37170520222105,-16.371736843743836,0.195611046057841,0.7597795955581779,-0.08324526986009832,-79.3031333896045,0.2882601012479493
Denmark,1.139007683406592,61.58873249739008,21.63448707854627,99.39564553866994,2.3039554196018095,186.3362771598072,5.495241642933323,49.41615234950768,11.04762049023644,10.317465110158992,1.9815967341075975,8.642578222517272,106.97070819428973,172.78037288169435,,,12.748059728581268,97.52881109959053,69.7670012902338,0.6482152386227575,336.83888825860913,0.3492554294785508,50.654760188165255,181.8284223493033,0.298959808982465,49.345239811834745,155.01046591159684,0.0,54.95456882746066,1.7347889301521136,356.9922499272834,225.66183270040892,20.022587282196127,18.32078389470962,6.001500255037897,18963.762332995364,39.53622741768447,-0.002939356725274562,-1.6989349774138147,0.8970302146223437,-4.492994170673942e-05,-0.01038922608976488,0.29497719688542684,-0.05795970938245597,0.354923838768468,-0.037398263977834405,-0.4209783172380999,-0.0880125982952937,-0.33347876678325555,-0.013261363335928786,0.44692464660199926,-2.780867630700753,-6.932218079348337,,,,-0.0693846663743818,-0.060489687953208436,-0.5834410311695819,0.004943981795217247,2.1404451025216624,-0.003121675656956643,-0.6939930429869645,-1.7908963437391956,0.008065657457826066,0.6939930429869651,3.9313414456521594,0.0,0.0,-0.6643433911478228,0.02761718623976156,-13.125016980375317,-4.702873313936494,0.6586586325253839,-1.060780301048272,0.016299934658286813,-150.09559383678146,-0.31752559044334266
Estonia,1.6035008187251947,266.5352117267357,10.606180575681151,99.8481299256133,1.3457653166921162,117.98014655283805,8.830827150856777,46.926964299176234,29.384572396291787,33.714017508214965,0.4190092993554231,16.408674723993727,100.00000000018392,3034.8645187258953,0.3067161922962285,0.23270758188093055,11.318681914140676,99.29232649771927,49.868281330525406,0.7034010266310986,66.47687405386932,0.20107413476053537,26.87199786148335,18.395366716450553,0.5023268918201964,73.12800213849505,48.08150733686671,0.0,44.01766014912755,0.31323905760819226,54.33202510126739,911.9584693820652,12.751236615478973,0.6420755016522435,9.47306226440142,13750.307092363917,23.68835476593597,0.02456974871978862,-12.043179237185534,0.5022296441234333,0.001660236332512464,0.02808822173152734,2.4726151963054375,-0.07501678766869724,0.8941136270717047,-0.6192394311603729,-1.644123966980631,0.012865319742387119,-0.6701464185325902,-0.027644382875194228,0.7308200085219104,-1.3792958286061596e-11,-140.31999154257107,-1.2452348500674473,0.029223297727976563,0.04937914994054701,0.021867457655719777,-0.01906123859649011,-1.0294924126315124,0.021657778988779495,7.924486507192149,-0.0017805198163656044,-0.6943611500820979,0.8043133972285211,0.023438298815270993,0.6943611500930456,7.120173110284642,0.0,0.0,-1.7581644374603216,0.0034508929590641685,-2.9489928160774035,-33.7340221597589,-0.03952757071271344,0.3893020169664046,-0.11550919783004873,-117.11183427273993,-0.27487060532019797
Finland,2.211756019241786,80.90110778615053,19.83627344736442,100.00488635764941,2.321126187212645,21.24930845306858,6.592851537060071,49.86599564648952,17.917140516106798,8.677363367461282,1.501381024208328,7.809897758559373,99.99999999954575,518.4532585600973,0.7063579245439379,1.3577198504334689,12.863863186853536,78.74323502462153,41.36688089263498,0.5698167750804615,245.58191405374964,0.1838151095407765,31.979372004124343,79.22041568644227,0.3846370072766767,67.78071139601798,165.767778235906,0.5937201425008194,53.33616651955117,12.952362104631106,447.83479737546077,313.2618737974717,40.71611107770855,8.207546895589644,6.177216662573841,17625.90597871691,32.21686383856195,-0.006013618247255553,-2.5130664420580384,0.3334452155418767,-0.002540764867541875,-0.014076619914067045,0.4556456054311509,-0.060225743103044564,0.3671116620600628,-0.07684722965962293,-0.24261974597975464,-0.057838099816256164,-0.20265329851679564,-0.021165145158620387,-0.047859099997545285,1.3971142782689175e-10,-14.28034535769071,-0.5994189349988867,0.0007250705713014629,-0.02916003866502463,-0.06466953390433713,1.0220789469005052,2.342892066841893,0.01872945040229895,8.787441887794241,0.0028409688943623547,-0.3521634812835272,1.4082212448303275,0.01589683795484409,0.3579781115188863,7.381537739053129,-0.005814630138204685,-0.002317096781609075,-1.926896664148886,-0.5081478931578575,-10.23822462118396,-7.480903559310325,0.8999587334460473,0.27616908580403843,-0.09366822294593946,-369.8760388344825,-0.29026443245828204
France,0.7477664088681291,76.50861340682286,35.675576055246324,99.99656356922496,2.0950342374967192,184.5771052689911,5.568318762424987,55.33184286275883,13.922392374561753,14.461085645559933,1.1085630043296817,12.023025843524579,99.99999999926133,299.31324780856266,0.668499532241972,1.121848335164838,14.270537695546736,88.61469610286571,58.596766458070476,0.9961962898798582,348.25401246015144,0.21137713470580266,20.92032708337956,66.12641506243563,0.7753016916850015,78.11776214078009,278.5264930492249,3.601104354995396,4.559478214010596,7.5718894691461,484.567503680697,303.9595554854204,-1.875487634993533,16.941796264546838,4.23491438385933,15228.104475296801,30.74570770272885,0.004311257390109987,-2.0009423499097205,0.28544818615764,0.0002284738938153112,-0.014070720137657682,1.1373846097461593,-0.01822936022499964,0.20401249293102997,0.16006798395566157,-0.54489960407764,-0.02283524274725292,-0.4269832307519447,-0.029654479157730562,-0.028106102241598326,-1.1701911408171502e-10,-8.110275531466216,-0.5635125818175716,-0.0032721226912124225,-0.014289598802197887,-0.05672533461576208,0.14072458567250345,0.032237339649093213,-0.005998646267378217,-1.9599963836153558,0.011497042362342696,1.4513455259469143,4.628406852276877,-0.017545249194033993,-1.4624308939573134,-6.586009540922994,0.011085367982211231,-0.002393694691539727,0.8946432160281924,-0.10545163673098862,-8.4908248196549,-5.209235973971042,1.9360684983098446,-0.5311972434565034,0.01744372258909887,-136.64459832967103,-0.36407944090146976
Georgia,0.7506257778791205,376.50361491744115,30.711672977405442,99.57578464960511,0.3434373530344601,24.270291917074474,,,,1546.4482150999538,,13.517979522169966,100.0000000003085,1852.7383052719524,0.09529673961905716,,,99.32770237,115.08597795836226,2.2927881246391877,35.10302379249333,1.218073887735116,44.53016429502259,28.357556047369016,0.9345678023857147,55.469835704720026,7.592496250241311,0.0,17.74231894705713,0.9013727908572093,1172.7087762226001,106.63067871300518,98.10217085196064,1.1084793940000017,7.553229778868143,,,0.003922213527472429,-11.747356486666343,0.7642633548221107,0.00033299130979617974,0.03469185812397428,-0.6411906822391189,,,,90.55931699999906,,0.06142584519176957,-0.038774121812841636,0.024427999445026154,-1.6685265838689202e-11,-78.53723511012515,-18.430656340001374,-0.0007170138857101689,,,0.025194780000000517,-0.6864399518128891,0.036038514230132775,5.276279268493174,-0.03014597482662509,-1.2771301609968941,0.04079316413416957,0.07687312000150404,1.2771301610319827,5.171650456074511,0.0,0.0,-0.7984912370638958,-0.03923831842857382,-44.30398222765636,-7.324553921002139,-0.15206486071553582,-1.1636832906438531e-16,-0.07537629204395618,,
Germany,0.2990097335384583,68.77364711323571,19.850565369778252,99.89905866139084,2.0169761867709433,67.88664198798688,4.686417676479069,47.879446562197614,14.77374076371376,11.137253689949148,0.96528160854551,8.867734528214328,99.99999999863847,363.3152437332519,0.6371822288,,13.566903817993978,91.79404175888905,57.34241484426951,0.803292001528737,290.19283627591676,0.24609193775123162,30.072057967315203,88.71763062501097,0.5188402351417647,65.0846195182622,187.56292034548414,13.912285294832827,0.0,5.099185704935593,411.9776747740434,272.8406734463024,4.030764782858569,5.079334783253117,4.3421745805556675,18946.92700175708,37.346812674693524,0.005723478346153751,-1.7830025073837201,0.13067195279146282,-0.005859320047346296,-0.01022540563136311,-3.2142471708904883,0.00992721917462281,0.121813751464149,0.10180957666393073,-0.42418763920491925,-0.022294702636365432,-0.3029692303664061,-0.03492130182803088,-0.11374296575505949,1.0985192336546447e-10,-6.113650515911833,-1.1452753520000964,-0.0019406481000002148,,-0.008169652411056206,0.11138963555554639,0.185938808654931,-0.007717324284893286,-1.2900156085112262,-0.0016239731009852199,0.1308484915763558,-0.09167494899288375,-0.005587174172140146,-0.10674865416529868,-1.0754623440065725,-0.02409983734099637,-0.12287831424083288,0.0,-0.0613228706783582,-9.29841586784441,-4.872706627339758,2.3350564882372433,0.04641207385473304,0.015198872122167527,-314.0164077575595,-0.22362332819923428
Greece,1.7549398719670322,115.24677868140498,22.5967568265188,99.98922318741464,1.8072744210410576,7.2952108662756245,4.3446813378279785,31.660352274187517,35.15391399733505,25.90753182866638,,17.423335925682295,107.23025584082006,187.0193221473055,,,12.988472452489631,80.61806883801319,43.09900159860081,1.3567630197065341,332.0527444061954,0.48996219339130676,34.23825069126133,118.6447106942087,0.8668008265869567,65.76174930934803,213.40803368706565,0.0,,12.461171123022837,226.5994306743887,539.7287574733341,2.5578173104595407,0.6971417190000003,5.876738848313835,,33.185734156477565,0.027472072434065603,-2.5608010668062704,0.2820886805117732,-0.003205693269568088,-0.008904785791188051,-0.3962147407461704,0.03991017541029299,0.33888079945812943,0.22220942462561458,-0.6345246051429002,,-0.5797819194371479,-0.04793412914549437,-0.4875228875890898,-3.203559510680957,-3.4077809409615174,,,,-0.06161540137241408,0.8165210199414544,2.8311169670172793,-0.028173605000988373,-10.033655538666089,-0.023576653944664322,-1.3319251187905288,-5.988630680141378,-0.004596951073122482,1.3319251186759036,-4.045024857124512,0.0,0.0,,-0.36528298911693396,-12.692231616524502,1.5453228828575025,1.3535953611890885,3.843269334032442e-17,0.0458025568310348,,-0.5610903916009853
Hungary,0.17208065945055218,143.97666416746324,16.875465381937374,99.99999928462645,0.898534079393265,171.4471954407727,7.078541061067611,50.902335983847934,17.815779093596802,41.65273001423884,3.868497982638587,12.88189850926176,99.99999999968884,1005.8734364245247,0.28943506091690807,1.1567783217473657,13.988913634701703,,59.79984434274729,0.9033897801639341,85.17289329823507,0.2910563342649155,37.305653928027255,26.503589770142298,0.6091043239411675,62.281333290681516,58.354191505168274,0.31512316775068605,39.64306448971752,,1227.5394620369043,566.2520110057158,33.89472227236786,42.43818691859542,5.828446917313795,11347.246552888857,31.281884922983068,0.006723762824175582,-3.9729523648522784,0.7040132828845181,1.871450462422696e-07,0.024290968847564584,4.243591625662058,-0.0377530886132339,0.8077773847153834,-0.37961340201559957,-2.132098141928632,-0.14113709249298215,-0.38590038841512575,-0.06642337999308238,-0.07258617245651727,-4.182445214474196e-11,-18.252311571494246,-0.8277724498692278,0.011749987978462058,-0.003122785173684158,-0.06936014387246855,,-1.3158886937426097,0.03659954901012604,6.348747206174086,0.010219333157909209,-0.2513676986250671,1.9035588066639404,0.026482956943897188,0.2682712298357958,4.4527291991817375,-0.016893490663109016,-0.007533557937055356,-0.792557157641897,,-42.44193420299295,-27.679187564286444,0.3869240611724121,-0.6819459452387092,0.004895580658620796,-9.164989333330382,-0.42816398270388795
Iceland,11.48783539022088,71.94228093453967,31.210132558283476,100.00319194282841,2.3974858547676448,10.07950694765799,4.973620807163272,56.12112701424189,10.797971739672906,9.007967173864586,,7.233300336521836,48.37226548016224,63.0644072291434,1.2389748268052898,,15.010960306674804,93.53078948222287,92.11926200411108,1.3634640008872339,657.2253300250959,0.0,0.0,0.0,1.3634640008872339,100.00000000000001,657.2253300250959,0.0,15.678739381584364,10.932961761695765,453.2604063827457,237.6707067561365,0.0,,5.67479929170279,,33.08090124090222,1.3382605185163712,-1.8541947192720354,1.2351089855145285,-0.0014501778295017763,0.01552364020717073,-0.23389647321468254,0.05762598090882366,0.7016181466551726,-0.004452945415763605,-0.3464360866167336,,-0.21482115979801805,-0.02893630027697411,0.22142440640823788,2.936596218020025,2.1472290383047983,-2.6166099501930624,-0.04687985233859877,,-0.06099150135467955,0.2981431988888622,16.7263499795306,-0.050190589462758985,-21.74229123693504,0.0,0.0,0.0,-0.050190589462758985,-1.1263483772525406e-15,-21.74229123693504,0.0,0.0,1.398086773644676,-0.2659131734795127,-9.506059689189488,-3.7428754885650557,0.0,,-0.006934567771756809,,-0.6971652037133007
Ireland,2.296360360637351,82.51129056397531,24.214628939959084,99.99688449850083,2.4321421396264427,140.10397837557423,4.749381671570021,40.10063924337459,20.275514458940933,11.164129607396148,1.120604441345506,10.248214537020772,99.99999999984544,190.62390682690602,0.8031896512246302,1.7099235627637022,11.72613928071526,96.7264624827489,58.19016816070507,0.958145141416523,709.939928204345,0.08727010557881737,7.543312048410485,76.58767791735863,0.870875035778063,92.45668795147253,633.3522503227214,0.0,10.897212031711177,2.3170845434910916,14.037221142240469,333.3908957069143,2.334562448172427,2.199594479146782,3.801888806902383,23910.616631091805,39.62384689412295,-0.05422942980219471,-2.9576732277203477,0.5239919519102384,-2.496906677657355e-05,0.005309426216474397,0.40263152623047754,-0.023730033614783135,0.26040769012315196,0.11763273716748665,-0.4414029763368165,-0.026575627372728932,-0.39596925490834006,-0.0539600861648494,-0.4647359353016572,5.739720859743642e-11,-6.972305830761458,-0.9208635736793097,0.00040097658423650454,-0.011632207527275753,-0.005892608930048694,0.215113616257294,2.3407166764910268,-0.028997857036398633,-29.154701769960592,0.00012673367980299167,0.48589383812397924,-2.093500458040472,-0.029124590704981034,-0.48589383811439973,-27.061201314595014,0.0,0.0,-0.035388576714538,-0.14404840145612793,-0.528995924883203,-12.626958480068946,0.0248251703965516,-0.08849245204471598,-0.07823164143743827,-334.08348581823043,-0.3780403459753674
Israel,0.5846355147582436,100.6343290400373,23.873513962528648,100.00000000118757,2.0633132210919563,78.36931601327751,4.05048083472723,45.72258750083273,27.232979951753578,15.791865634294481,1.986971776000047,8.990672449660224,0.0,17.284282835341628,0.65693165482051,2.212912183076895,12.961456753886708,98.50518932643281,115.47437108467602,,,,,,0.6647962391485516,,283.181923761942,0.0,,1.7999020343975758,6.219688830225522,280.4121821899553,-1.0629694949176383,39.87898639395826,,21601.242381617776,27.044433961871817,-0.01575969106044011,-3.013162617319875,0.1760921450437917,-9.751562662873997e-08,-0.0038413665503559766,1.1178717777830893,0.009105050090910874,0.27472537511822837,-0.15672274460098595,-0.6015451233365957,-0.05408840960784358,-0.3060954313208002,-0.022421838803758906,0.5323052216436067,0.0,-0.6948384345225778,-0.6639724287062677,-0.0020874790699299474,-0.034279220671327354,0.06227996048768504,0.04641890783625533,-2.102890033391681,,,,,,-0.0028903902454212095,,-3.5058021142246187,0.0,0.0,,-0.07964440598829933,0.0915298999813137,-6.71877005450496,0.35359190663569595,2.652540368774577,,-247.00187230392385,-0.11800269783251319
Italy,0.5694835793406567,82.7530370928007,27.510831533678186,99.88740298095155,2.010893988412974,70.71214898172184,4.3339253662412105,61.44071789847291,11.290634704528742,,1.3753172165953487,11.22928138002817,99.99999999998595,309.4402263978336,0.6296216612106686,0.9116755013617315,13.689381597068916,73.11700712754441,29.29202523567392,0.8744766099369059,280.572085698941,0.34375745425763204,38.79713655413593,111.3566937669598,0.5288968581599356,60.9964231718302,168.62866299328016,0.5867289418553128,53.18026061059072,11.163030153848016,578.9820178784321,,68.37748643427585,3.558402962362507,4.886829242425617,,27.26861432034218,0.001172554950549658,-2.1768754560399888,0.17944157846196193,0.008423881130268084,-0.017778219040777688,0.6735552350640746,0.02957664481911677,0.1119416059359615,0.1026962422865366,,-0.043355230168524786,-0.32898376097196663,-0.02378058383114476,0.020502633441842104,8.008870883131656e-11,-8.939231530286504,-0.4601973502057141,-0.0028279325637144298,-0.015165518945036578,-0.069877733275862,0.38581844228067125,0.8322719616373424,-0.012001694126373585,-3.9388972119047345,0.0008456542594627422,0.8299429492979212,0.10574716663003714,-0.013377110617216062,-0.9415207349511558,-4.20619746499387,0.11157778566910785,0.16155308503662857,0.624849898583635,0.006628704760227249,-12.052936465532737,,0.41481932562068996,-0.04595379178669839,0.004892420849261155,,-0.21463570924192837
Japan,0.23182997331868194,53.568574089926415,22.17264099068143,99.99999997472088,2.012260901198694,320.4742920865035,5.863341316422947,,,10.75081197175416,,7.900378043338151,102.1505376340051,144.69710324464995,0.5851788227962906,,10.274037137775345,65.64662265075935,33.58262298812815,1.573277812107662,613.0355129394666,0.1783324228459211,11.51610439284218,69.93642792895207,1.3949136927691939,88.48389560743476,543.3348122799871,0.0,22.034775658359422,17.270099188596987,278.67510746346716,195.1355920755659,,0.5687133208909181,5.184385816110492,,,0.004109735868131723,-0.7761052854187387,-0.2170858613765773,1.5848381827310088e-09,-0.02305348230268245,0.9314010469457952,-0.010323287809091053,,,-0.2983369777710781,,-0.2709522690593981,-0.004828947035595085,-0.13763515522736214,-0.6451612902711793,-2.4593234736529186,-0.20601122693214519,-0.006978737336818614,,-0.022880885609851485,-0.5465884338011257,-0.3037634806432512,-0.0366532894297432,-17.43461326372626,0.00653355475342095,0.9854620098416843,1.6021446885687047,-0.04316476238974298,-0.9854620098632223,-19.09902005784585,0.0,0.0,0.7804894048854508,0.29930026701751894,-1.7116675217137083,-2.636421331635131,,0.013032041260604938,-0.011244897922803173,,
Korea,0.1290495592087968,125.36770947099467,18.950121635254504,99.40346002332349,1.6558708370582913,92.80143994913306,5.013043651077467,,,31.536826999706136,,19.034086599790953,50.14460511701691,157.25258080101958,0.3355879209663719,,,83.86580330017625,71.03458481187155,1.6333569691052734,275.25606497017,0.5348559881403523,33.63095477964902,89.30405054929724,1.0985009809649249,66.36904522035104,185.95201441403333,0.0,18.187857200877488,13.760435104560884,221.40999313926113,395.02372353804094,31.776645114649,29.081321033943823,4.608444161978255,,,0.007351710340658886,-3.851093127942044,-0.12220211998631762,0.03565298645210744,0.016076673925561155,1.4370024631608482,0.0298359124127817,,,-1.1439068096175862,,-0.6838027402656242,-0.11080962175520102,-0.5818840336805797,2.335928809829374,1.2979172984369778,-0.41739246808920144,0.009096855253691768,,,0.5476481191227627,0.039250140643256944,-0.006452098994737465,10.09377073561401,-0.00023532522982465523,0.07422180745614594,3.9019671074912483,-0.006216773770175959,-0.07422180745614798,6.191803629649069,0.0,0.0,-0.2768508315087714,-0.5225583788069785,6.183595335417266,-11.245026284881478,3.0247169628776596,3.5289908962604826,-0.03935320854743063,,
Latvia,0.671770006725243,255.64832144216416,30.343316766248336,100.00000417803533,1.035007767330029,97.24328405184389,9.35839507373963,61.50575718170223,21.519368439994537,53.79253352937394,3.964035632109301,22.19314440217272,99.99999999999999,5080.236580295721,0.31206911605610443,1.3607757105091167,11.274838789926655,99.74360357,71.80543500480417,0.6286969703051568,61.369940866032266,0.28418909345320287,60.83263350807465,23.396539335099078,0.34450787693815244,39.16736649119957,37.9734015296126,0.0,70.04452577068923,0.21645778,141.9801845081529,731.1207270308223,11.380871104140198,13.515604352722335,13.549340742720574,19187.6125912735,16.974841176223322,-0.008954484126370472,-10.402766184438287,0.9667391989764719,6.667714828519429e-07,0.035707694775041536,-0.0010516438600645895,-0.05241721577352629,-0.02621692196496833,-0.15843344907498808,-2.395097843277647,-0.119353043081829,-0.8030857384987736,-0.01270423024249143,0.3921073108796423,4.040273464598642e-16,-194.2915711885004,-2.7158638722523136,0.013166801614395204,-0.008275347972728773,0.023802796538040776,0.0,4.499151016022945,0.028972419501915765,6.076529588743861,0.0005533822660097532,-2.3422020542230593,1.1896957112783169,0.02841903723836908,2.3422020542329127,4.886833877659031,0.0,0.0,-1.5022211415517335,0.0,-8.10309183642967,-20.44924398735166,0.11689656857174562,0.10614428716666378,-0.28328970686551735,-224.7626775454919,0.18465335475944236
Lithuania,0.7145063158021756,272.10016129345604,27.833242546116708,99.97829412300574,0.9915418229145843,119.92048450117136,6.4319801631618105,64.32902301588194,18.584902812133578,51.00841590420532,3.0201492321275794,20.076269667632232,99.99999999983584,3260.0143521674618,0.29597387948924236,-0.2733198972763091,12.49593868606911,98.62501702,33.939301109183816,0.9877774005812867,93.53354306131041,0.2492836212334426,26.607056625199817,22.911765655520867,0.736451739730434,72.8861709489491,70.71406228980322,-0.09228489287070829,43.058677890936224,0.634989503,606.7607208158015,721.4354465903671,6.44496111214373,11.34829146463835,8.215818237242502,2887.4200008567423,17.08607550438927,0.023218497873626977,-11.315950320756999,1.2737589175178003,-0.017146161205528705,0.05390009825424263,1.1004870440191326,0.05262400094117614,0.27997206681773473,-0.5269049148807894,-2.6503472805821597,-0.10228478066364984,-0.6962261771959909,0.02611876112587517,1.1053782486504244,-9.833153295655756e-11,-80.78285527361615,-5.279954519292339,0.013183651238461406,0.08261236202857898,0.17256056168965617,0.0,1.1154145140934515,0.01298871933497522,4.81122863206917,0.003587475405309207,-0.07270431733443161,1.3073040234999769,0.009146684556923813,0.0735843854597736,3.4332132502999633,-0.0008800681756969047,0.070711359263075,-0.7710094317487731,0.0,-3.747599817980468,-21.286089468214477,0.05976521098309203,3.676663704230896,0.19386615054778347,590.7236054286016,0.2469331188226606
Luxembourg,2.354133891769237,185.42812449653138,52.96330594358824,99.98766133964118,11.188847866432692,114.44203880428086,4.870245487114687,60.89688143753972,4.6081449604802955,174.52196019277108,1.7710007274150712,13.71857223088523,99.99999999886796,669.14885340826,2.4283540027196864,3.9459025455893766,15.830913788888878,,17.886328021813014,0.970874041420501,864.8543516225631,0.32724767092820706,31.51041200533473,290.7620544312849,0.6399365527179341,68.0567898836398,570.8510328861485,3.241264764440757,15.964198883282059,,12.109031228393064,15.813582978893692,95.16435629211048,5.448662307542236,5.334000726796539,1662.5013247062088,34.494962464808395,-0.03938114084615267,-5.75407021325133,0.856521106997806,0.000858862847838936,-0.008051265476740012,0.8397485597709029,-0.045061017898530766,0.37034011865079597,0.028043103972906727,-8.585716603130829,-0.06899602293280871,-0.5161004401513473,-0.04875680468342566,0.02543885114150223,6.651792449241476e-11,-19.576346221332788,-0.7634584962536046,0.02384155805650765,-0.03589117115539488,-0.046807704365079174,,0.03885405093566018,-0.011071213071452672,0.7200919134019245,0.005206625619829222,1.2638510964170895,9.889353120444484,-0.01607242051623916,-1.2396729546393124,-9.00065791046137,-0.024178175878973245,-0.16860361559212866,0.008064862947007648,,-0.39946555850900856,-0.37296486997574574,0.050878573477196605,0.6233623105221633,-0.027150042720689743,-22.63723897692603,-0.39838284476737995
Malta,9.57281279563739,126.3071628092639,21.196242875599182,99.99990392714467,1.3976572621871952,534.7734288097854,6.389603436321991,44.78376569797064,18.990529408542216,5.909380611437793,0.6342070868571135,3.772202538996204,0.0,2.568124591187143,0.3852114377685556,-0.05644246810702214,14.020253451049143,99.96611914,264.566260243284,0.16257666273231308,27.741004298108237,0.0,0.0,0.0,0.16257666273231308,100.0,27.741004298108237,0.0,64.38236251425269,0.105824771,-3.07181715040133,451.54644045387613,0.0,66.7745099355,7.403967768433745,10383.373811311409,36.22041114009335,-0.07440065249450857,-5.430563021091972,0.6623257200629606,4.207414213909318e-06,-0.00927823784400643,18.445773081201413,-0.06274629046029262,0.2513323122561604,0.29874559066009587,-0.012506749534662425,-0.011520674059523294,-0.02199610372692641,-0.02557779632706726,0.109602103796246,0.0,-0.13379231525339202,-0.9944827962561915,0.00429482763535244,0.04058354597618677,-0.14902182505911304,0.0,5.50380118362513,0.014751868115037755,3.526267245730907,0.0,0.0,0.0,0.014751868115037755,-1.8517700396130492e-15,3.526267245730907,0.0,0.0,-1.9208131975781588,0.0,6.857630253855094,-13.278460301297416,0.0,-0.01723485199999989,-0.13240918395237955,-121.45959220492301,-0.5495546543399017
Mexico,0.4004838754615383,174.87679770965497,30.926104300443285,100.00000000536531,1.1375958530919545,-32.83141401564535,3.984621237745003,52.68785131763519,34.22259465325317,12.158406367127782,,5.155808680633754,99.99999999999999,714.4678801899463,0.46524797808312357,,17.326411535282205,53.778642277427195,45.101447873683355,0.3129443613010414,28.889107677068864,0.05066306196414816,17.54078639646059,4.641679268044925,0.2622812993500263,82.45921360360154,24.247428407260486,0.0,22.110960878106198,38.58115157292286,1.7973855913423904,437.85836659455254,,16.828967364782386,6.429614801804846,,13.089554027920485,-0.003879873153846032,-3.628074845287398,0.15396667346469947,1.1284620337054599e-08,0.004177654687739488,3.528848244909393,0.019210992112154483,0.20190550933703832,-0.37623551175528147,-0.3820859168454776,,-0.137021022054949,-0.008466995061038634,0.11119154501817571,4.040273464598642e-16,-12.496435693526694,-1.677884989220706,0.00853525755064875,,0.15182979871190236,0.2005640728654781,-0.6239372184210145,0.003902837552818829,0.5254215282019707,0.001643938058839641,0.21791190437438895,0.19318467170060355,0.0022588994882320602,-0.2179119043732933,0.3322368565407763,0.0,0.0,0.17910323719759486,-0.7774103146198285,-0.07702795434616398,1.013502256363191,,-0.21193505483638944,0.0373272544778644,,0.17433000248387157
Netherlands,0.3180091538901142,64.36799322845718,19.39751353651888,100.00000372657392,2.0400657746929483,372.6678640950149,4.9129378933794,51.692463224978155,13.72643795956759,9.483344042952353,0.8209214782449124,6.786351445383957,99.99999999926872,375.5832380930624,0.6065133049250271,1.3022854037773968,12.996699599551192,99.94678732421052,104.15763237555507,0.563210515202762,262.70888855108205,0.17347097285264956,28.95703359940103,94.09415060076162,0.31960986215285203,58.99385812338892,134.06151082825818,34.553227102173935,26.5731018497915,0.059065941906427,321.9236915530928,240.12370456926692,73.34505691504705,32.62040036749295,4.929416476183235,16080.762872879102,34.58109881611381,0.0010608553186808015,-1.9755555306513668,0.027804576702243858,-1.7664860427546002e-06,-0.016468007430487503,2.9344476833081234,-0.0207063213470595,0.30642130584291283,0.16067288807608215,-0.27691717018597095,-0.01411253720846238,-0.18526806568831952,-0.028973749692102146,-0.1855710506854248,1.5661873862622528e-10,-9.427031112227306,-0.49113663089343407,-0.002193308226473805,-0.026280207946335458,-0.06574096486316384,0.004243368947369229,-0.6283188177777687,0.02526882155760627,11.322475426580963,0.001031219999316364,-0.5374140441880081,-0.5433645191996491,0.02421958216205055,0.8289519764854324,12.019127223913026,-0.29153793215109897,-0.15328727719367885,-0.12086321269060853,-0.004785766532163382,-17.39102241615541,-5.150208845168774,0.2521478019121237,-1.605165325579534,-0.020310454698522197,-228.8645215164838,-0.4670941939545718
North Macedonia,0.9746874298461528,237.28740841568288,12.037225123860253,100.00703799924223,0.5341706411059164,47.36726348590673,4.305516875709074,35.99258128163302,33.18652967083341,,9.804603680276841,8.088203915185375,99.99999999977966,1212.6163990897621,,,9.229906022746704,99.61779159,69.17596846976357,3.0778895003027174,93.76145306117928,0.30699415516611595,8.410648327986678,9.030731075205154,2.7708953451428613,91.5893516720223,84.73072199200578,0.0,16.628906194921456,0.297301615,742.6611401012124,,33.33307718873787,1.3736476856787334,3.6850223612332726,,30.820802426333614,0.004921121153846051,-5.368088737329023,0.7055849066972077,-0.0028322964370560005,0.020861293171593142,0.8057000418384878,0.059847302909091335,0.2648052656913144,-0.016565359456526308,,-0.3914363691807077,-0.036591191959065746,0.004923270112934148,0.6892366094532799,1.0233580314190036e-11,38.38780218837699,,,,-0.033893448963479504,0.0,-2.0025564688302726,-0.10304236565325615,-0.6629246493404231,-0.016873921788451027,-0.3018399410908608,-0.3760138509022987,-0.08616844385714237,0.3018399410645894,-0.2869107990174902,0.0,0.0,-0.5649044147402523,0.0,9.814435711747997,,0.03585684822691851,0.03546237278214236,0.02501016728514377,,-0.24823454352174557
Norway,2.6004249067802405,64.29069259166772,36.5899718778161,100.45676077854594,2.789764494512318,26.16096142918616,6.217879369535211,43.15887243378489,19.980246730279127,8.593665499905796,0.4829994433214466,6.316036670777237,99.99999999999999,190.9312610002935,0.7658414938157214,1.749677877214154,15.01104012017203,37.15348976626046,17.876135110703217,0.7620309831042178,503.13831875517644,0.16354530379732424,20.93754066981299,101.80955108203307,0.5984856792698565,79.06245933018707,401.32876767568087,0.0,37.7846765710604,33.339237935378605,295.686526222642,168.57381525943674,61.321341167751626,0.17142501410412336,7.2201439704757036,14220.191186071112,36.86088083842367,0.006765935560437306,-2.1496538298412915,0.03304794881499522,0.05098410404625159,-0.003247226334975737,0.05897783206829766,-0.06973541115146825,-0.1851899647427478,0.014715249677068325,-0.33473705181245617,-0.010031463952382545,-0.22052150859732872,-0.010438792822914333,0.5452612615450478,4.040273464598642e-16,-3.602686258128579,-0.5328379653628491,0.0008567397001111965,-0.03315888977380449,0.021123193548387584,2.264070718713263,1.4157321964910954,0.029098535783271883,27.721652150976503,0.00819918071978004,0.09929363511598586,7.84041050724651,0.020899355063491845,-0.09929363511598653,19.881241648412534,0.0,0.0,-0.14003836068830455,-1.2147807969004951,-9.145807052444479,-4.316332004051163,0.14652876383314678,0.021105423481868623,-0.16684252027930693,-107.81557595237074,0.17047471487684496
Poland,0.238927126373623,144.43952950968742,9.266515237056637,99.99999876060593,0.7466058536953852,129.83642421439095,4.988898021820688,56.74775019134475,17.953693861743545,34.46148843976698,3.9745527623730936,16.164348563686644,99.99999999779867,1612.0100527282593,0.25950920843129666,0.6867236817567082,11.762595747866072,94.95105353690079,26.732531669415607,0.8748691450849693,69.91842747733244,0.14878838771147773,21.39939834081474,10.607470380363452,0.6226657527646466,78.46106366229947,51.776344347627855,0.16005809621702838,35.58401398945671,1.4854311679940793,1038.7947160316835,415.2278630627398,53.549059878805,16.27736590029076,4.997438694309437,9974.690997541737,25.298571011951026,0.002570063401099123,-3.068445589386982,0.5896985485115025,5.769540188723629e-08,0.04329505389299463,0.8068572677579503,0.06645551832205679,-0.11356534141379457,-0.33229341007881785,-1.2701628697000218,-0.16940902029610386,-0.4884689265866484,-0.06570675905517252,0.3132886196531676,7.074571288300368e-11,-15.254338501937411,-1.1951790807452716,0.014388049874749644,-0.0014913101974025297,0.10171704070837462,0.1674963854970672,0.15636536292394823,0.0034606650154725576,2.9536837872218293,-0.0020150523122384315,-0.5307468872456548,0.3130708393246927,0.012515983132731312,0.48719446775599207,3.1285996736070154,0.0624526607638634,0.0679104270965872,-1.057614424620969,-0.049395365970756965,-36.78443086367286,-0.24679772107154188,0.4978410338677441,0.03983262478932111,0.09564845927980303,-115.09869732500295,0.44585779116256335
Portugal,0.4745629334175874,115.73093265114221,30.773643857060733,99.99873896565025,1.5980168524343208,5.888890733951484,2.738343190867738,49.895657737709485,10.532856364624536,34.170109573767604,1.6092197830351722,17.203396743577287,100.00000000060984,412.69873740193907,0.5228098823390432,1.0693203034571468,15.550742764737322,81.58715144000098,62.93149741205525,1.254328066856516,227.0578455996474,0.3165094120821088,26.623108619997538,57.11122677263211,0.9226870440320738,73.0689197393425,167.36234286881245,0.7355596423999806,13.661885256136884,17.982839471578473,624.9010230115382,472.1035135940183,33.277864532901276,19.77781644669085,4.107190040516969,7448.123523000337,39.571485896245235,0.013442584719779264,-2.8125979513903068,0.4161372700109526,4.4333732348031194e-05,0.002418746032566777,0.7307671548331439,0.08397943753676262,0.2887732949753698,0.12939727352736766,-1.0530874164246184,-0.043746413712088185,-0.6725172293855363,-0.0750339830361825,-0.4046535332102691,-1.2364469532710338e-10,-6.271273763408771,-0.7438319665383711,0.0031630198307008067,-0.018513691114285854,-0.17420207702791496,0.8047904499999388,5.91836793976556,-0.03951041916025756,-5.608511576517116,-0.012203806375205373,-0.4900656155376522,-2.0090594126710677,-0.023974998808878135,0.48155901848973626,-3.1644790207476383,0.008506597277521366,-0.01154428028420719,0.5904130974543376,-0.42222994789471113,-34.56040212491436,-16.923887910541005,1.9249617968742971,0.09940901624354948,0.03401654098960065,-95.68492000002108,-0.41817056829775573
Romania,0.4443145351318627,226.0512135180361,11.312795284626645,100.08823889546305,0.500824419911325,36.512864519826735,3.3348347497604323,46.826418938306006,35.60280686764099,96.01199921481202,5.276989827999785,12.089224477483413,99.99999999866768,2111.106721252756,,,12.573695135873013,96.07420442444442,43.07549239058514,2.1556529240330433,103.19530858188227,0.1565088596140578,7.328426847309572,7.242141641011585,1.611611035723623,74.45451754112605,78.15835890382004,17.79480803639038,26.401597676800748,1.6713012769181645,298.3159324403896,248.59722888764304,35.5062530813222,0.18504845570910788,6.883402618627599,9237.146373704803,17.570774196365505,0.006870886763736856,-9.896699291833727,0.7489573060068511,-0.0038297799712643577,0.02165297687848963,0.31919995478509305,0.16011046327352382,0.21046924557744837,-0.6503649206048172,-3.7521825835664737,-0.15802493699998876,-0.11814804966017009,-0.10123143145811944,0.058119595268008716,1.753849196772988e-10,-102.49307943996348,,,,-0.010680632539682525,-0.03606692222221953,0.0330012370759897,0.0009019880526088142,5.289683998556526,-0.001110796376521743,-0.03389520083608765,0.3390028259469552,0.015964657837391334,0.744681258865214,5.0329900321695655,-0.710786058146953,-0.0823088587139088,0.6406798111126079,0.02684607240935337,-19.445071473156037,-0.6922332532350695,0.12211858058954365,0.039359159485205436,0.023061999972413982,-107.93551745714149,0.43989567492337406
Russia,0.22819289585714486,529.5949406726068,13.54311076716516,99.41544211280343,1.387242537934462,2.3771956590226253,7.862528211882349,28.962152472779053,14.599650820279521,,,21.873026014302127,99.99999999949429,12732.233787018107,0.22761136158410267,,12.328353398333292,35.10755844444543,47.59394063695754,1.456862151317928,85.51272823461613,0.6604840876820361,45.152858637076946,40.04493006358973,0.7759087820051143,53.410036759333366,44.3341411936417,1.1336569789179194,,84.52587065765601,898.032152804939,,47.51391423924167,0.18461619473076496,5.0176636156364225,,56.43819868527498,0.011725466906592779,-26.008550956076547,0.1455617250610524,-0.059490527019538185,0.021070683570208068,-0.007922824895070167,0.04096447845441235,0.5939882036666121,0.7900371364999309,,,-0.36745514040293786,,,-3.357776359286267e-11,-541.4167913205679,-1.5593898829633426,0.014194024225217396,,-0.05662719966666551,0.8369341977777118,-1.0786990947952644,-0.02544318712957173,1.1309328636410458,-0.009903335957606315,0.07876550644103514,0.5247818804957455,-0.01464476597504236,-0.026566966988043384,0.6344663020273512,-0.05219853949128188,-0.02831531900957218,,-3.603588258303847,-50.112583463088974,,0.2505792249655141,-0.009546125774725137,0.09814806763635917,,-1.3840254691665426
Serbia,0.4129430236593423,236.02148982476683,9.179778176259333,99.83020139084559,0.5996712450738855,48.57166946150471,5.7234766706197675,53.217361469394746,29.589432943369275,,,13.80048467638494,99.9999999980639,460.6265816488976,0.014396610798691367,,8.33239681549378,99.90373763,47.85611002742917,0.7227903467580745,23.438846658420516,0.03707939911630831,9.439086335719736,-0.17668898345323214,0.6149450586806324,80.68133341652714,21.219050615757624,2.3964850264458164,41.0328602715627,0.063508459,58.55854022246058,,31.082268878788454,0.46448755926189733,3.467085829007928,,17.19339908208373,-0.0011079177582418967,-6.571255382307598,0.3223160493035071,0.009988536595588097,0.020372409871100394,0.44000810299586574,-0.00813564733626309,0.8603967443201975,-0.849978898650247,,,-0.3195994071477065,0.0326572770996741,0.4424914442489869,7.875439462392824e-11,-4.538261661294026,-0.1366210455761047,0.00040674421061431945,,0.23917503719802996,0.0,1.1974149728653487,0.047114170171319206,4.280963384009316,0.009885670772030687,0.06805368471784777,0.8404862998768495,0.0363895354031199,0.18826875477831964,3.264347182221682,-0.2563224393752034,0.17612990144335064,-0.2531872883771194,0.0,-3.062730206024287,,0.26140100065065436,0.07387182716201997,0.04667093315873046,,-0.010430890231526014
Slovak Republic,0.9990106873845974,171.95750150502136,12.818971796022197,100.05567217895731,0.9053146811773232,95.54402672396668,6.655459448529381,59.36816919843329,15.529340043586444,,1.757801857418272,12.23427159319931,99.99999999988606,2294.359416757594,0.08589287741816842,0.3535713189454768,7.282969813789606,95.18071914057361,18.02604555017456,1.060082917263271,127.97838208946905,0.3576884164185756,34.4130191315503,44.0048613835001,0.6713728915118828,62.30442882533225,80.4096271920298,3.563893533669784,24.538231611136034,0.7854758383442686,1294.017108659522,,41.81366643826698,0.6195102258842553,6.2058761987305395,,25.102490757635394,-0.027147658538458925,-6.51808069466896,0.6465811350303844,-0.09417824216494136,0.026353138123973933,0.30852474596863494,-0.013614007897057712,-0.22499671545812813,0.3742528522068978,,-0.042374220927277176,-0.3924171793646244,-0.08373890528208983,0.36036314259199437,-2.5807490967605725e-11,-94.96817309929546,-1.1263167463186174,-0.0005406562128451008,-0.009540549118182445,-0.06526550438275837,0.10623686713117567,-0.5929552708771441,0.005241598661606337,3.593977996915115,-0.004145790677176487,-0.5021935853509749,0.181336486965754,0.011597850398079626,0.739175062949919,3.6635091539055122,-0.23698147760640506,-0.2508676442469893,0.04297507520241069,-0.02652877672131493,-63.607566768169264,,0.11807478985094598,0.036794143068520316,-0.009265588870443268,,-0.14925613674876972
Slovenia,1.0965588187801671,161.38219412380204,27.574327363743578,100.00000422041462,2.074904714985223,96.85792416154254,6.093659096926402,51.908692074228384,8.275872528917887,25.61678016332189,1.550823215781918,16.05965576567496,99.99999999999999,387.35042514175075,0.7091669346416012,1.72633579167276,15.694409946655718,,23.047485670876085,1.8190380674456605,356.8813632196743,0.03443166952173016,1.6336694014125897,3.8752075903466903,1.7787975087808263,98.36633059771793,353.00615562652456,0.0,22.563598468264672,,957.496357594151,516.1372002575081,40.72361847822174,23.863352059295266,5.220796692299032,9371.130452545534,39.815440507216636,-0.026526723439555453,-3.8070406246886157,0.7262849909770228,-3.0519813917906375e-07,0.032887982035304124,0.9245441786028918,-0.054971579757350994,0.8957484511412175,-0.13660512455336676,-1.1970917968496129,-0.04405201983636707,-0.6369025138480527,-0.06416198943581726,0.3306946791977752,4.040273464598642e-16,-8.25895269100642,-1.2001202384204623,0.01244047059510565,-0.01992255043636478,0.0171261558976468,,-0.8040702243859041,-0.046304260625493844,-7.6753724283892915,0.025759076122529742,2.579933716365615,5.776639429683816,-0.07150888188177376,-2.579933716314231,-13.452011858142278,0.0,0.0,0.7530337646579136,,-51.62410975291734,-9.759022207942099,0.31540673158175514,0.5513561926280337,0.05531935816600991,252.9878194545276,-0.7591433639162575
Spain,0.763544557406588,118.61741729239111,33.30073343169124,99.96566468559031,2.1605959470336664,77.22561799211508,4.417737492275037,49.42000971520497,15.452503605120413,25.49760798331772,0.6633544883030034,12.345939001070633,99.99999999913692,442.78672211613775,0.5904731167501663,0.9215055166181525,11.814074033653531,65.8680945166684,60.1425052369068,1.2517239843612558,324.2549138713457,0.40171615535905847,29.45914309104819,109.07514038350837,0.8500078287950075,70.54085690895204,215.17977348732347,0.0,,35.8911843940914,458.5912710885277,271.6181498815549,60.72053776548137,20.646628013351545,4.759239601312302,7963.6154755229945,35.12748667966616,-0.0033940508406587423,-3.4381436683662296,0.20865047363164005,-0.022398391059660915,-0.011577676356869671,-3.5248583551118395,0.03893447107499914,0.6770399260262753,-0.0464533753503009,-1.114647744743298,-0.008528171551513773,-0.4956921356122325,-0.059980716123247554,-0.3218358305194581,1.1345437848280257e-11,-5.242217167071121,-0.722720871715234,0.0006228026411569101,-0.0064088743090894235,0.0007603282676519774,1.4597373466665429,3.6639350954967314,-0.026976079622331874,-6.395948686124849,-0.001607367823754841,0.893017015717025,-0.5103603543623584,-0.02536871178680911,-0.8930170157170243,-5.885588331954059,0.0,0.0,,-1.30531699046774,-11.825582352313589,-6.213134675561053,1.0718979874217966,0.06282023333939421,-0.021575436421674976,-50.56112885003884,-0.6305865507170246
Sweden,2.1071308154615576,69.96125174525423,39.36371254866981,100.00000072716756,2.3573838174975634,55.05875709152967,6.106193998735222,53.84988846779311,17.305852577251414,7.534484208196375,1.098643157895566,5.874744303164789,99.99999999988803,367.31251568578955,0.7081854543269532,1.52443788236873,13.083965869517208,74.8788791202345,30.427829554854725,0.7522324040128652,362.699878524194,0.3427622292884509,44.48591264582646,164.51188981409405,0.40947017474083225,55.51408735417351,198.18798872545176,0.0,38.66707183097708,10.534649158105168,399.41319624082826,230.40057515692206,68.99652941853321,7.209012512782692,5.906321785154319,15709.238518283499,28.844258955123102,-0.0010983263076942658,-2.397295185938728,0.5386623667487733,-7.316995140109791e-08,-0.03297728137110082,-0.06148315927408138,-0.07962763780146752,-0.20086283696552082,0.1961315449556609,-0.2535961247368173,-0.03785216097346144,-0.18933377113703997,-0.012409193773525902,0.4593936197962215,6.807553679172852e-11,-8.01261621570096,-0.5420187539205752,-0.003722576995328065,-0.0254690407713159,-0.02706347937930774,0.4341888888303774,0.5894001657309356,0.006789538040503625,4.904278554296694,0.0016203178232074946,-0.10564925610563453,1.530094746661219,0.005169220227969363,0.10564925610563561,3.3741838058292393,0.0,0.0,-0.42808991654351525,-0.095603552526312,-10.589122657187941,-5.110849443559491,0.3286261030745245,0.9853186312569477,-0.04085352204560596,-104.5167317899504,0.004731292118234356
Switzerland,0.9045210986373569,45.571763680887216,37.07030205729882,99.99999776029804,2.1834278683325117,183.9481479547719,4.803408717246143,,,10.101431354754936,1.203653363381605,7.582195291810422,100.00000000055275,146.6436254878745,0.7136022003832387,1.1226222042947676,9.801452124139573,99.05197061543865,80.87310288912113,1.4176953799670233,1230.3654757590703,0.55238437509907,38.44818928180371,505.0928893455381,0.8653629595413008,61.24703225055691,728.2076713734896,5.227691658000822,33.075501180158994,0.7614795763625324,196.68591556562342,157.8458489636896,99.77371299,1.905543452232627,4.88161943489709,11919.691336950273,,-0.007912646994504696,-1.3820006740230124,0.36152574540777715,2.2935550102552173e-07,-0.013124121615763894,0.9355596570856457,-0.032636907413186235,,,-0.3733052463437138,-0.047021591358620496,-0.2751452674796428,-0.029588768711456936,-0.24868178244916123,-7.339954414533726e-11,-3.925303460405082,-0.4455852577995519,-0.005400424978420409,-0.01430766302291425,-0.022547286373563177,0.03335383280701531,-1.1391285856139612,-0.006638380787545694,-7.92776444613039,0.0033974362572522987,0.5480617272283264,0.1071212418461791,-0.010891319354700793,-0.5262945956715502,-8.877522848086896,-0.06875583874545867,-1.8194371820001183,0.3071329298412678,-0.03297001381286297,-1.824508664924277,-4.027245865610647,0.0,0.002177952004004577,-0.07778117210974218,-64.2565176333699,
Türkiye,0.132905613021979,138.78325156809478,18.7295887450656,100.00003955275042,0.5431266608563163,51.78433414273377,4.103493949047554,,,60.724575318696225,4.1387281614003655,7.883755372283048,99.99999999953755,1348.8507069794432,0.11754600332307064,1.2225692116545643,12.171837853428201,84.50082131906333,21.199088808720262,0.5548316164941411,31.091582575811117,0.05139376173872634,9.265167988254007,3.1270766582752003,0.5034378549971734,90.73483201049203,27.964505921332602,0.0,7.132090883072408,-0.9766371239156797,692.291747909454,103.64069659282904,18.34361178855579,0.38143136550968393,10.581278584829661,15037.886739643553,,0.013131274851647983,-3.9539602636507674,0.08591071251505673,-3.914060481726e-05,0.019562297090586007,-0.7981829444745179,0.02438980994286026,,,-2.1476137845240446,-0.07440082725456337,-0.07718694673526175,0.0005180121041795353,0.466355305157774,-2.4026405133388104e-11,-37.774248133875886,1.2281342566593416,0.010556367850549402,-0.0007158148090919391,0.24179828403572026,-0.789659495321579,4.664033846432329,0.03601595650305216,5.1934268841818865,0.013500155504883867,0.9348219648247762,1.4634872424749545,0.02251580099572629,-0.9348219647374744,3.729939641916942,0.0,0.0,-0.025073552462756388,2.2236648095904563,-21.276270548390674,14.373403357143621,1.7802062419176825,0.038764855387096474,-0.04625718422187571,-41.27971964289207,
United Kingdom,0.6853601262857119,70.76740552569026,23.176940010911153,100.00000007460919,2.0713861276560124,178.00755854249337,5.448204170701992,39.4395372065961,25.711125197753773,7.468390930840087,,5.854084839717757,100.00000000049148,216.8033695271697,0.6249324967107892,,13.970926204502447,,,0.6250153064938608,248.7100618225213,0.28500289417693736,46.21549095274713,119.76445509663245,0.3400124122323076,53.784509047252186,128.9456067339902,,59.07243894445037,,428.7128057105874,267.4060426021606,30.861187903639234,33.44591762821847,4.342968513295013,,34.849337596674786,-0.005231755543955555,-2.0398840670443423,0.42856993040230573,-1.4762178393453187e-08,-0.01820503371127566,0.16950683038509398,-0.030505064792428004,0.054209456891625804,0.12587781001970338,-0.23434144293694015,,-0.17795850331190097,-0.06996550543333188,-2.5161985815332644,-3.846260160271639e-11,-9.195006234365241,-0.5781706893437151,-0.0054597606718575714,,-0.03814470938916249,,,0.011854099832307194,8.307787352075467,0.01300753934615349,0.9021027788076801,6.684093941452802,-0.0011534395246155286,-0.90210277880768,1.6236934098815605,0.0,,-0.8404513790129845,,-11.612993657822665,-5.859138676995048,0.3230938981248239,0.22354804895862232,-0.03068052135823761,,-0.18008726687192078
United States,0.34895418020879143,168.24206228904768,30.37156952798847,99.79556457674059,5.915894607970472,71.17528023685742,,51.12935670486837,10.043740823119805,9.409699682803364,,14.508027629378546,100.00000000079969,1314.3662028497056,1.6580620555729126,,11.305842605817617,25.965780525205446,36.83637896847932,0.6148224145146939,354.3642948053084,0.0668237617321937,11.339556259228274,38.43215729010166,0.5268683389860431,85.15789078725737,306.2768985212915,12.87656349571671,37.12700507251523,101.95176678619464,466.52472157731245,437.5059969918111,,23.48969565781806,3.424489308773076,,38.82685364732299,-0.0016746411593406717,-5.058382195634972,0.2567578045539177,0.01144361998221103,-0.04116515528653615,0.2014952320911268,,0.19985156064293672,0.08881534251924317,-0.11709848051412647,,-0.17274702173081088,,,-3.995609674416467e-11,-45.374142111845586,-1.1662603868646526,-0.01983494726466165,,-0.08302534086874247,0.6350370139765581,-0.24998502239764722,-0.00279874678267001,-2.3684749042376216,-8.585901282051978e-05,0.019010159983245536,-0.14037110079975676,-0.0016894837840722504,0.17987908810866476,-1.8561073125889476,-0.19888924803210106,-0.733668725950929,-0.044077200036631105,-2.955729290993937,-11.577108065852483,-11.04313912609561,,0.3756453364408768,-0.012014264139230665,,-0.28866376278309164
